Workbook

Sheet OrgConfig
E3: Organization | F3: O1 | G3: =_xlfn.CONCAT(F3,F4) -> O1B1
E4: Branch | F4: B1
E7: login User | F7: superadmin@atvsllc.com
E8: pwd | F8: 123

Sheet Branch
A1: Key | B1: Value | C1: uniqVal
A2: login Name | B2: =OrgConfig!$F$7 -> superadmin@atvsllc.com
A3: password | B3: =OrgConfig!$F$8 -> 123
A4: BranchCode | B4: B2 | C4: O1B2
A5: BranchName | B5: Branch2 | C5: O1Branch2
A6: BranchAddress | B6: Branch2 address | C6: O1Branch2 Address
A7: BranchCode | B7: B3 | C7: O1B3
A8: BranchName | B8: Branch3 | C8: O1Branch3
A9: BranchAddress | B9: Branch3 address | C9: O1Branch3 Address

Sheet adminConfig
A1: Key | B1: Value | C1: uniqVal
A2: login Name | B2: =OrgConfig!$F$7 -> superadmin@atvsllc.com | D2: 0
A3: password | B3: =OrgConfig!$F$8 -> 123 | D3: 1
A4: Selected DD | C4: Department | D4: 2
A5: DeptCode | B5: Ped | C5: =_xlfn.CONCAT(OrgConfig!$G$3,B5) -> O1B1Ped | D5: 3
A6: DeptName | B6: Pediatrics | C6: =_xlfn.CONCAT(OrgConfig!$G$3,B6) -> O1B1Pediatrics | D6: 4
A7: DeptCode | B7: ICU | C7: =_xlfn.CONCAT(OrgConfig!$G$3,B7) -> O1B1ICU | D7: 5
A8: DeptName | B8: Intensive Care Unit | C8: =_xlfn.CONCAT(OrgConfig!$G$3,B8) -> O1B1Intensive Care Unit | D8: 6
A9: DeptCode | B9: ORT | C9: =_xlfn.CONCAT(OrgConfig!$G$3,B9) -> O1B1ORT | D9: 7
A10: DeptName | B10: Orthopedics | C10: =_xlfn.CONCAT(OrgConfig!$G$3,B10) -> O1B1Orthopedics | D10: 8
A11: DeptCode | B11: ENT | C11: =_xlfn.CONCAT(OrgConfig!$G$3,B11) -> O1B1ENT | D11: 9
A12: DeptName | B12: EAR,NOSE,THROAT | C12: =_xlfn.CONCAT(OrgConfig!$G$3,B12) -> O1B1EAR,NOSE,THROAT
A13: DeptCode | B13: FO | C13: =_xlfn.CONCAT(OrgConfig!$G$3,B13) -> O1B1FO
A14: DeptName | B14: Front Office | C14: =_xlfn.CONCAT(OrgConfig!$G$3,B14) -> O1B1Front Office
A15: DeptCode | B15: NUS | C15: =_xlfn.CONCAT(OrgConfig!$G$3,B15) -> O1B1NUS
A16: DeptName | B16: Nursing Dept | C16: =_xlfn.CONCAT(OrgConfig!$G$3,B16) -> O1B1Nursing Dept
A17: DesigCode | B17: JrR | C17: =_xlfn.CONCAT(OrgConfig!$G$3,B17) -> O1B1JrR
A18: DesigName | B18: Junior Resident | C18: =_xlfn.CONCAT(OrgConfig!$G$3,B18) -> O1B1Junior Resident
A19: DesigCode | B19: SrR | C19: =_xlfn.CONCAT(OrgConfig!$G$3,B19) -> O1B1SrR
A20: DesigName | B20: Senior Resident | C20: =_xlfn.CONCAT(OrgConfig!$G$3,B20) -> O1B1Senior Resident
A21: DesigCode | B21: MD | C21: =_xlfn.CONCAT(OrgConfig!$G$3,B21) -> O1B1MD
A22: DesigName | B22: Medical Director | C22: =_xlfn.CONCAT(OrgConfig!$G$3,B22) -> O1B1Medical Director
A23: DesigCode | B23: Recp | C23: =_xlfn.CONCAT(OrgConfig!$G$3,B23) -> O1B1Recp
... A30: VIPName | B30: Politician | C30: =_xlfn.CONCAT(OrgConfig!$G$3,B30) -> O1B1Politician

Sheet speciality
A1: Key | B1: Value | C1: uniqVal
A2: login Name | B2: =OrgConfig!$F$7 -> superadmin@atvsllc.com
A3: password | B3: =OrgConfig!$F$8 -> 123
A4: SpecialityCode | B4: Car | C4: =_xlfn.CONCAT(OrgConfig!$G$3,B4) -> O1B1Car
A5: SpecialityName | B5: Cardiology | C5: =_xlfn.CONCAT(OrgConfig!$G$3,B5) -> O1B1Cardiology
A6: SpecialityCategory | B6: Consultation | C6: =B6 -> Consultation
A7: SpecialityCode | B7: Neu | C7: =_xlfn.CONCAT(OrgConfig!$G$3,B7) -> O1B1Neu
A8: SpecialityName | B8: Neurology | C8: =_xlfn.CONCAT(OrgConfig!$G$3,B8) -> O1B1Neurology
A9: SpecialityCategory | B9: Consultation | C9: =B9 -> Consultation
A10: SpecialityCode | B10: ENT | C10: =_xlfn.CONCAT(OrgConfig!$G$3,B10) -> O1B1ENT
A11: SpecialityName | B11: Ear Nose Throat | C11: =_xlfn.CONCAT(OrgConfig!$G$3,B11) -> O1B1Ear Nose Throat
A12: SpecialityCategory | B12: Consultation | C12: =B12 -> Consultation
A13: SpecialityCode | B13: BC | C13: =_xlfn.CONCAT(OrgConfig!$G$3,B13) -> O1B1BC
A14: SpecialityName | B14: Bio-Chemistry | C14: =_xlfn.CONCAT(OrgConfig!$G$3,B14) -> O1B1Bio-Chemistry
A15: SpecialityCategory | B15: Laboratory | C15: =B15 -> Laboratory
A16: SpecialityCode | B16: HM | C16: =_xlfn.CONCAT(OrgConfig!$G$3,B16) -> O1B1HM
A17: SpecialityName | B17: Hematology | C17: =_xlfn.CONCAT(OrgConfig!$G$3,B17) -> O1B1Hematology
A18: SpecialityCategory | B18: Laboratory | C18: =B18 -> Laboratory
A19: SpecialityCode | C19: =_xlfn.CONCAT(OrgConfig!$G$3,B19) -> O1B1
A20: SpecialityName | C20: =_xlfn.CONCAT(OrgConfig!$G$3,B20) -> O1B1
A21: SpecialityCategory | B21: Radiology | C21: =B21 -> Radiology
A22: SpecialityCode | C22: =_xlfn.CONCAT(OrgConfig!$G$3,B22) -> O1B1
A23: SpecialityName | C23: =_xlfn.CONCAT(OrgConfig!$G$3,B23) -> O1B1
A24: SpecialityCategory | B24: Radiology | C24: =B24 -> Radiology

Sheet nonDocSave
A1: Key | B1: Value | C1: User1
A2: login Name | B2: =OrgConfig!$F$7 -> superadmin@atvsllc.com | D2: 0
A3: password | B3: =OrgConfig!$F$8 -> 123 | D3: 1
A4: userTitle | B4: Mr. | C4: Mr. | D4: 2
A5: FirstName | B5: User1 | C5: =_xlfn.CONCAT(OrgConfig!$G$3,B5) -> O1B1User1 | D5: 3
A6: LastName | B6: Name1 | C6: =_xlfn.CONCAT(OrgConfig!$G$3,B6) -> O1B1Name1 | D6: 4
A7: Gender | B7: Male | C7: Male | D7: 5
A8: EmaiId | B8: user1.name1 | C8: =_xlfn.CONCAT(OrgConfig!$G$3,B8) -> O1B1user1.name1 | D8: 6
A9: usercode | B9: usr110 | C9: =_xlfn.CONCAT(OrgConfig!$G$3,B9) -> O1B1usr110 | D9: 7
A10: department | B10: Finance | C10: Finance | D10: 8
A11: designation | B11: Administrator | C11: Administrator | D11: 9
A12: Role | B12: Receptionst | C12: Receptionst | D12: 10
A13: branch | B13: ATVSLLC | C13: ATVSLLC | D13: 11
A14: address | B14: Hyd1 | C14: =_xlfn.CONCAT(OrgConfig!$G$3,B14) -> O1B1Hyd1 | D14: 12

Sheet patSave
